alma,niki,8299,njdksn,alma
alma,niki,ue9q0,jiwjrow],alma
dsk,sjk,snkqwl,nm,,alma
dsk,sjk,snkqwl,nm,,alma
ghjk,hnm,ikl,jkeo,alma
alma,alma,alma,alma,alma
nsk,jde,njdew;,njedqw',niki
nsjwq,;ksnjwk,jkw,jwk,minji
nejwk,dkw,wioq,weo[,qwe
skfl,ndjawk,njsdk,jfkse,asd
njdks,djnk;,djek,dnjewk,der
mrkel,r 3j,kk;,k,w
kal,mkl,nk,njk,m
aaaa,aaaa,aaaa,a,a
alma,aaa,kl,aaa,pppp
kk,k,o,j,r
j,kj,j,w,w
k,n,n,n,p
k,q,qq,q,qq
k,ll,k,k,q
sd,sd,sd,sd,sdsd
z,z,z,z,z
lk,lk,lk,lk,l
q,q,qq,q,q
s,ss,s,s,s
e,e,e,e,e
z,z,z,z,z
z,z,z,z,z
e,e,e,e,e
q,qq,q,q,q
r,r,r,r,r
a,a,a,a,a
e,e,e,e,e
e,e,e,e,e
a,a,a,a,a
v,v,v,v,v
s,s,s,s,s
jlk,k,ui,b,3
k,q,a,aa,aa
k,njk, njdks,djnwk,d
w,w,w,w,w
j,a,a,a,a
s,s,s,s,s
u,t,t,t,t
k,z,z,z,z
k,z,a,a,a
a,a,a,a,aa
alma,niki,47839y4,xnkldf,almaniki
a,a,a,a,a
alma,a,aa,a,a
a,a,a,a,a
a,a,a,aa,a
a,a,a,a,a
a,aa,a,a,a
a,a,a,a,a
a,aa,a,a,a
laura,vanetta Z.L.,087367,djewkqdea,a
Niki,Zefanya,123456789,NikiZefanya@gmail.com,niki
Niki,Zefanya,123456789,NikiZefanya@gmail.com,niki
a,a,aa,a,a
a,a,aa,a,a
a,a,aa,a,a
a,a,aa,a,a
a,a,aa,a,a
niki,zefanya,,,
,,,,
,,,,
a,a,a,aa,a
Niki,,,,
,,,,
,,,,
,,,,
alma,nurul,123456789,alma@gmail.com,alma
alma,nurul,123456789,alma@gmail.com,alma
alma,nurul,12345,@gmail.com,alma
alma,nurul,12345,alma@gmail.com,alma
alma,niki,12345,gmail.com,al
alma,nurul,123,gmail.com,a
alma,nurul,1245,gmail.com,a
alma,nurul,12345,alma@gmail.com,alma
Alma Nurul,Salma,08976543321,alma@gmail.com,4lm4
q,q,q,qq,q
a,,,,
,,,,
,,,,
a,,,,
,,,,
,,,,
,,,,
,,,,
,,,,
,,,,
,,,,
,,,,
,,,,
,,,,
,,,,
,,,,
,,,,
,,,,
,,,,
,,,,
,,,,
,,,,
,,,,
,,,,
,,,,
,,,,
    ,,,,
,,,,
,,,,
,,,,
,,,,
,,,,
